Date,Close,Volume,Open,High,Low
03/01/2024,$23.50,"21,995",$23.50,$23.5795,$23.47
02/29/2024,$23.51,"93,513",$23.64,$23.75,$23.51
02/28/2024,$23.67,"28,961",$23.635,$23.70,$23.60
02/27/2024,$23.70,"26,542",$23.60,$23.72,$23.5814
02/26/2024,$23.64,"15,827",$23.73,$23.73,$23.55
02/23/2024,$23.68,"41,746",$23.44,$23.72,$23.40
02/22/2024,$23.41,"36,049",$23.25,$23.43,$23.20
02/21/2024,$23.22,"20,013",$23.43,$23.45,$23.20
02/20/2024,$23.46,"29,581",$23.25,$23.46,$23.20
02/16/2024,$23.36,"30,908",$23.239,$23.36,$23.12
02/15/2024,$23.29,"41,691",$23.15,$23.3699,$23.055
02/14/2024,$23.20,"21,248",$23.24,$23.24,$23.12
02/13/2024,$23.29,"25,843",$23.19,$23.40,$23.09
02/12/2024,$23.45,"54,784",$23.47,$23.53,$23.3395
02/09/2024,$23.38,"49,831",$23.21,$23.41,$23.195
02/08/2024,$23.21,"29,580",$23.09,$23.24,$23.03
02/07/2024,$23.09,"29,546",$23.20,$23.20,$23.09
02/06/2024,$23.19,"37,073",$23.0901,$23.22,$23.0901
02/05/2024,$23.09,"31,334",$23.23,$23.24,$23.09
02/02/2024,$23.25,"32,829",$23.24,$23.3299,$23.165
02/01/2024,$23.31,"56,608",$23.14,$23.42,$23.09
01/31/2024,$23.09,"32,055",$23.05,$23.22,$23.04
01/30/2024,$23.11,"31,138",$22.92,$23.11,$22.92
01/29/2024,$23.00,"56,064",$23.06,$23.06,$22.85
01/26/2024,$23.06,"24,317",$23.021,$23.06,$22.90
01/25/2024,$22.98,"77,441",$22.85,$23.08,$22.85
01/24/2024,$22.88,"18,857",$22.84,$22.95,$22.81
01/23/2024,$22.8665,"14,560",$22.82,$22.91,$22.65
01/22/2024,$22.86,"42,712",$22.75,$22.87,$22.67
01/19/2024,$22.83,"21,003",$22.495,$22.83,$22.432
01/18/2024,$22.65,"101,103",$22.70,$22.765,$22.305
01/17/2024,$22.70,"99,569",$22.56,$22.79,$22.56
01/16/2024,$22.69,"19,478",$22.75,$22.75,$22.53
01/12/2024,$22.69,"14,751",$22.40,$22.74,$22.40
01/11/2024,$22.515,"39,889",$22.45,$22.62,$22.4083
01/10/2024,$22.47,"24,163",$22.39,$22.4894,$22.37
01/09/2024,$22.38,"30,944",$22.35,$22.38,$22.16
01/08/2024,$22.32,"32,771",$22.0684,$22.32,$22.0098
01/05/2024,$22.06,"38,559",$22.07,$22.07,$21.88
01/04/2024,$21.95,"10,237",$21.90,$21.978,$21.75
01/03/2024,$21.82,"21,309",$21.80,$21.89,$21.61
01/02/2024,$21.80,"34,183",$21.66,$21.89,$21.62
12/29/2023,$21.76,"72,472",$21.85,$21.95,$21.75
12/28/2023,$21.97,"45,700",$21.89,$21.97,$21.7201
12/27/2023,$22.20,"54,533",$22.11,$22.35,$22.05
12/26/2023,$22.15,"73,367",$22.25,$22.40,$22.12
12/22/2023,$22.25,"35,892",$22.20,$22.25,$22.111
12/21/2023,$22.18,"34,579",$22.14,$22.18,$21.95
12/20/2023,$22.08,"44,166",$22.136,$22.15,$21.925
12/19/2023,$22.07,"99,986",$22.04,$22.14,$21.959
12/18/2023,$22.00,"71,231",$21.96,$22.09,$21.89
12/15/2023,$21.96,"38,486",$21.98,$21.98,$21.8602
12/14/2023,$21.96,"55,102",$21.94,$22.07,$21.85
12/13/2023,$21.89,"100,704",$21.72,$21.94,$21.682
12/12/2023,$21.79,"20,021",$21.7198,$21.8288,$21.70
12/11/2023,$21.77,"48,924",$21.85,$21.85,$21.69
12/08/2023,$21.80,"24,361",$21.82,$21.92,$21.7801
12/07/2023,$21.75,"22,295",$21.8329,$21.8788,$21.75
12/06/2023,$21.70,"24,092",$21.73,$21.83,$21.69
12/05/2023,$21.73,"20,574",$21.65,$21.73,$21.56
12/04/2023,$21.65,"23,215",$21.02,$21.73,$21.02
12/01/2023,$21.73,"24,364",$21.58,$21.7778,$21.475
11/30/2023,$21.56,"121,964",$21.38,$21.56,$21.2601
11/29/2023,$21.36,"35,990",$21.13,$21.43,$21.13
11/28/2023,$21.29,"44,648",$21.18,$21.4199,$21.09
11/27/2023,$21.29,"59,627",$21.13,$21.39,$21.13
11/24/2023,$21.37,"9,083",$21.50,$21.50,$21.37
11/22/2023,$21.50,"38,060",$21.56,$21.57,$21.37
11/21/2023,$21.52,"26,064",$21.36,$21.55,$21.32
11/20/2023,$21.36,"34,582",$21.361,$21.53,$21.24
11/17/2023,$21.38,"33,635",$20.92,$21.40,$20.92
11/16/2023,$20.87,"139,706",$21.10,$21.255,$20.85
11/15/2023,$21.10,"25,779",$20.95,$21.20,$20.92
11/14/2023,$20.94,"89,929",$20.89,$21.02,$20.8143
11/13/2023,$20.79,"45,192",$20.767,$20.79,$20.50
11/10/2023,$20.74,"22,573",$20.5301,$20.80,$20.5301
11/09/2023,$20.53,"28,242",$20.77,$20.79,$20.425
11/08/2023,$20.72,"16,277",$20.60,$20.74,$20.5999
11/07/2023,$20.70,"31,359",$20.58,$20.75,$20.5799
11/06/2023,$20.61,"36,784",$20.84,$20.8799,$20.58
11/03/2023,$20.88,"71,355",$20.61,$20.95,$20.5501
11/02/2023,$20.53,"141,468",$20.36,$20.63,$20.35
11/01/2023,$20.36,"76,503",$20.12,$20.36,$20.0409
10/31/2023,$19.99,"129,504",$19.66,$19.99,$19.63
10/30/2023,$19.66,"111,769",$19.92,$19.935,$19.61
10/27/2023,$19.90,"95,903",$20.27,$20.33,$19.85
10/26/2023,$20.30,"77,972",$20.28,$20.50,$20.17
10/25/2023,$20.38,"92,471",$20.68,$20.68,$20.35
10/24/2023,$20.79,"60,044",$20.60,$20.85,$20.41
10/23/2023,$20.80,"47,969",$20.88,$20.92,$20.65
10/20/2023,$20.909,"47,901",$21.00,$21.22,$20.84
10/19/2023,$21.03,"48,999",$21.27,$21.27,$20.95
10/18/2023,$21.21,"54,582",$21.25,$21.29,$21.10
10/17/2023,$21.27,"56,823",$21.27,$21.40,$21.1101
10/16/2023,$21.34,"42,900",$21.34,$21.43,$21.26
10/13/2023,$21.37,"35,787",$21.25,$21.38,$21.22
10/12/2023,$21.28,"37,453",$21.42,$21.42,$21.11
10/11/2023,$21.34,"54,015",$21.30,$21.4489,$21.30
10/10/2023,$21.36,"34,976",$21.30,$21.4269,$21.14
10/09/2023,$21.36,"90,986",$21.15,$21.48,$21.05
10/06/2023,$21.12,"40,770",$20.96,$21.3013,$20.94
10/05/2023,$21.16,"26,033",$21.38,$21.4161,$21.06
10/04/2023,$21.38,"87,706",$21.40,$21.54,$21.17
10/03/2023,$21.35,"64,326",$21.55,$21.5595,$21.30
10/02/2023,$21.56,"31,299",$21.667,$21.78,$21.482
09/29/2023,$21.63,"106,588",$21.84,$22.09,$21.5401
09/28/2023,$21.80,"41,967",$21.58,$21.90,$21.5651
09/27/2023,$22.075,"35,231",$22.0226,$22.1313,$21.9308
09/26/2023,$21.95,"53,019",$21.95,$22.12,$21.906
09/25/2023,$22.02,"49,142",$22.04,$22.2199,$22.01
09/22/2023,$22.08,"19,808",$22.05,$22.19,$21.97
09/21/2023,$22.015,"47,998",$22.08,$22.1393,$21.83
09/20/2023,$22.33,"66,109",$22.16,$22.34,$22.15
09/19/2023,$22.19,"36,232",$22.075,$22.20,$22.075
09/18/2023,$22.13,"31,796",$22.12,$22.13,$22.0001
09/15/2023,$22.13,"19,969",$22.03,$22.1437,$22.01
09/14/2023,$22.10,"51,149",$21.90,$22.10,$21.86
09/13/2023,$21.88,"33,902",$21.71,$21.88,$21.71
09/12/2023,$21.72,"36,926",$21.77,$21.77,$21.68
09/11/2023,$21.73,"49,848",$21.57,$21.7899,$21.57
09/08/2023,$21.675,"54,040",$21.58,$21.70,$21.50
09/07/2023,$21.64,"24,859",$21.5965,$21.70,$21.5303
09/06/2023,$21.65,"40,486",$21.62,$21.68,$21.43
09/05/2023,$21.65,"24,033",$21.75,$21.75,$21.63
09/01/2023,$21.75,"26,203",$21.70,$21.80,$21.615
08/31/2023,$21.83,"134,464",$21.48,$21.93,$21.48
08/30/2023,$21.53,"31,925",$21.30,$21.57,$21.27
08/29/2023,$21.37,"44,465",$21.40,$21.50,$21.37
08/28/2023,$21.40,"54,353",$21.35,$21.4699,$21.35
08/25/2023,$21.39,"13,851",$21.34,$21.399,$21.30
08/24/2023,$21.37,"24,988",$21.22,$21.41,$21.22
08/23/2023,$21.41,"21,449",$21.35,$21.47,$21.3053
08/22/2023,$21.325,"39,336",$21.36,$21.36,$21.15
08/21/2023,$21.27,"36,538",$21.24,$21.335,$21.19
08/18/2023,$21.325,"31,432",$21.20,$21.45,$21.20
08/17/2023,$21.24,"29,849",$21.26,$21.33,$21.02
08/16/2023,$21.31,"40,637",$21.18,$21.3195,$21.00
08/15/2023,$21.21,"22,377",$21.12,$21.22,$21.025
08/14/2023,$21.18,"15,885",$20.99,$21.18,$20.99
08/11/2023,$21.07,"23,687",$20.94,$21.12,$20.9299
08/10/2023,$20.97,"42,016",$21.00,$21.1247,$20.91
08/09/2023,$20.98,"83,547",$20.97,$21.05,$20.93
08/08/2023,$20.93,"40,449",$20.96,$21.19,$20.93
08/07/2023,$20.95,"82,655",$20.92,$21.0468,$20.92
08/04/2023,$20.90,"70,112",$20.95,$21.15,$20.895
08/03/2023,$20.92,"72,598",$21.05,$21.05,$20.88
08/02/2023,$21.12,"108,426",$21.10,$21.13,$20.91
08/01/2023,$21.1601,"27,271",$21.1405,$21.25,$21.095
07/31/2023,$21.24,"153,752",$21.17,$21.3383,$21.08
07/28/2023,$21.15,"92,398",$21.23,$21.23,$21.0666
07/27/2023,$21.20,"362,153",$21.36,$21.40,$21.10
07/26/2023,$21.36,"69,525",$21.25,$21.38,$21.25
07/25/2023,$21.26,"44,374",$21.10,$21.33,$21.10
07/24/2023,$21.13,"61,179",$21.08,$21.15,$21.0531
07/21/2023,$21.04,"17,877",$21.08,$21.1999,$20.96
07/20/2023,$21.10,"20,969",$21.10,$21.10,$20.8876
07/19/2023,$21.10,"19,253",$21.14,$21.265,$21.10
07/18/2023,$21.14,"64,051",$21.12,$21.38,$20.9287
07/17/2023,$21.08,"127,074",$21.51,$21.65,$21.00
07/14/2023,$21.50,"31,215",$21.65,$21.65,$21.50
07/13/2023,$21.63,"32,458",$21.67,$21.7299,$21.50
07/12/2023,$21.60,"44,583",$21.30,$21.67,$21.30
07/11/2023,$21.27,"65,111",$21.15,$21.315,$21.07
07/10/2023,$21.14,"53,465",$21.14,$21.1499,$20.9711
07/07/2023,$21.09,"25,909",$20.88,$21.09,$20.86
07/06/2023,$20.83,"41,930",$21.00,$21.0028,$20.55
07/05/2023,$21.09,"42,574",$20.85,$21.1713,$20.84
07/03/2023,$20.99,"29,097",$20.78,$21.00,$20.70
06/30/2023,$20.99,"137,528",$20.50,$21.14,$20.46
06/29/2023,$20.66,"49,551",$20.59,$20.7884,$20.46
06/28/2023,$20.85,"58,541",$21.10,$21.20,$20.81
06/27/2023,$21.09,"31,260",$21.04,$21.20,$21.01
06/26/2023,$21.00,"33,528",$20.79,$21.125,$20.79
06/23/2023,$20.84,"49,413",$20.87,$21.00,$20.75
06/22/2023,$20.76,"13,950",$20.79,$20.79,$20.696
06/21/2023,$20.78,"35,742",$20.55,$20.78,$20.5101
06/20/2023,$20.62,"19,812",$20.40,$20.62,$20.30
06/16/2023,$20.42,"400,558",$20.40,$20.5999,$20.28
06/15/2023,$20.34,"187,713",$20.37,$20.565,$20.28
06/14/2023,$20.32,"79,837",$20.64,$20.65,$20.27
06/13/2023,$20.64,"40,016",$20.89,$21.00,$20.64
06/12/2023,$20.86,"37,850",$20.79,$20.86,$20.70
06/09/2023,$20.84,"17,480",$20.64,$20.84,$20.64
06/08/2023,$20.71,"24,645",$20.70,$20.84,$20.61
06/07/2023,$20.75,"33,111",$20.80,$20.8806,$20.67
06/06/2023,$20.76,"35,880",$20.70,$20.83,$20.67
06/05/2023,$20.73,"15,192",$20.92,$20.92,$20.696
06/02/2023,$20.92,"26,816",$20.82,$20.94,$20.80
06/01/2023,$20.74,"38,775",$20.40,$20.881,$20.385
05/31/2023,$20.44,"143,727",$19.88,$20.58,$19.83
05/30/2023,$19.94,"27,451",$19.92,$20.13,$19.89
05/26/2023,$19.89,"24,716",$19.82,$20.08,$19.76
05/25/2023,$19.82,"35,245",$20.06,$20.08,$19.70
05/24/2023,$20.17,"67,725",$20.20,$20.34,$20.17
05/23/2023,$20.29,"42,868",$20.23,$20.42,$20.23
05/22/2023,$20.27,"28,732",$20.15,$20.3399,$20.02
05/19/2023,$20.175,"36,748",$20.11,$20.195,$20.01
05/18/2023,$20.04,"37,738",$19.94,$20.15,$19.91
05/17/2023,$19.91,"71,393",$19.83,$19.97,$19.7501
05/16/2023,$19.72,"28,096",$19.98,$19.98,$19.65
05/15/2023,$19.98,"24,818",$19.90,$20.01,$19.87
05/12/2023,$19.905,"36,430",$19.782,$19.93,$19.75
05/11/2023,$19.73,"22,898",$19.88,$19.89,$19.65
05/10/2023,$19.82,"44,883",$19.85,$20.00,$19.68
05/09/2023,$19.70,"70,581",$19.85,$19.85,$19.3635
05/08/2023,$19.72,"34,794",$19.715,$19.79,$19.61
05/05/2023,$19.79,"25,088",$19.58,$19.80,$19.58
05/04/2023,$19.51,"65,006",$19.49,$19.69,$19.15
05/03/2023,$19.51,"52,772",$19.65,$20.06,$19.51
05/02/2023,$19.72,"79,861",$20.12,$20.31,$19.66
05/01/2023,$20.16,"60,430",$20.40,$20.43,$20.11
04/28/2023,$20.43,"93,071",$20.29,$20.64,$20.22
04/27/2023,$20.28,"46,403",$19.94,$20.30,$19.76
04/26/2023,$19.8377,"36,035",$19.80,$20.00,$19.705
04/25/2023,$19.87,"812,627",$19.85,$20.02,$19.6402
04/24/2023,$19.94,"110,001",$19.82,$20.05,$19.67
04/21/2023,$19.80,"89,776",$20.01,$20.01,$19.78
04/20/2023,$19.97,"160,118",$19.85,$20.15,$19.85
04/19/2023,$20.00,"32,825",$19.78,$20.00,$19.67
04/18/2023,$19.73,"25,675",$20.00,$20.07,$19.6701
04/17/2023,$19.96,"24,919",$19.82,$20.18,$19.82
04/14/2023,$20.10,"40,701",$19.78,$20.10,$19.57
04/13/2023,$19.75,"31,523",$19.53,$19.79,$19.4174
04/12/2023,$19.51,"66,842",$19.37,$19.6483,$19.175
04/11/2023,$19.30,"63,252",$19.19,$19.38,$19.10
04/10/2023,$19.20,"28,888",$19.07,$19.25,$19.03
04/06/2023,$19.05,"42,148",$19.20,$19.225,$19.0101
04/05/2023,$19.12,"78,598",$19.23,$19.38,$19.11
04/04/2023,$19.34,"34,609",$19.55,$19.55,$19.34
04/03/2023,$19.57,"41,066",$19.69,$19.69,$19.37
03/31/2023,$19.51,"153,347",$19.74,$19.92,$19.47
03/30/2023,$19.58,"52,654",$19.53,$19.75,$19.36
03/29/2023,$19.72,"99,268",$19.10,$19.88,$19.09
03/28/2023,$19.09,"31,614",$19.03,$19.27,$18.91
03/27/2023,$19.04,"68,132",$18.85,$19.09,$18.85
03/24/2023,$18.80,"235,011",$18.86,$19.04,$18.31
03/23/2023,$18.80,"43,039",$19.48,$19.8666,$18.69
03/22/2023,$19.54,"53,174",$19.66,$19.97,$19.54
03/21/2023,$19.63,"29,627",$19.59,$19.98,$19.50
03/20/2023,$19.55,"46,044",$19.50,$19.70,$19.3229
03/17/2023,$19.50,"119,250",$19.54,$19.80,$19.26
03/16/2023,$19.56,"185,783",$18.92,$19.58,$18.80
03/15/2023,$18.90,"66,594",$19.50,$19.57,$18.90
03/14/2023,$19.56,"144,771",$19.95,$20.47,$19.50
03/13/2023,$19.75,"145,648",$20.05,$20.3547,$19.62
03/10/2023,$20.38,"48,689",$20.56,$20.913,$20.1401
03/09/2023,$20.65,"103,971",$21.42,$21.4499,$20.29
03/08/2023,$21.31,"26,591",$21.36,$21.50,$21.2537
03/07/2023,$21.23,"17,696",$21.46,$21.55,$21.20
03/06/2023,$21.42,"24,145",$21.34,$21.55,$21.22
03/03/2023,$21.2753,"70,393",$21.22,$21.36,$21.0942
03/02/2023,$21.10,"71,375",$21.17,$21.19,$20.82
03/01/2023,$21.34,"42,594",$21.47,$21.57,$21.17
02/28/2023,$21.63,"77,324",$21.31,$21.63,$21.10
02/27/2023,$21.33,"46,646",$21.36,$21.50,$21.20
02/24/2023,$21.32,"30,112",$21.37,$21.48,$21.28
02/23/2023,$21.465,"53,094",$21.36,$21.59,$21.3001
02/22/2023,$21.30,"54,644",$21.06,$21.43,$20.95
02/21/2023,$21.00,"36,146",$21.15,$21.28,$20.96
02/17/2023,$21.31,"15,097",$21.20,$21.31,$21.11
02/16/2023,$21.13,"48,952",$21.315,$21.359,$21.125
02/15/2023,$21.31,"15,304",$21.21,$21.3899,$21.21
02/14/2023,$21.20,"20,333",$21.21,$21.3681,$21.05
02/13/2023,$21.31,"25,261",$21.29,$21.33,$21.1875
02/10/2023,$21.2899,"44,009",$21.3499,$21.3554,$21.0201
02/09/2023,$21.24,"21,802",$21.31,$21.4218,$21.19
02/08/2023,$21.2866,"17,462",$21.34,$21.35,$21.15
02/07/2023,$21.255,"33,212",$21.265,$21.29,$21.05
02/06/2023,$21.29,"17,151",$21.35,$21.35,$21.155
02/03/2023,$21.27,"16,698",$21.35,$21.40,$21.20
02/02/2023,$21.43,"148,657",$21.60,$21.7868,$21.38
02/01/2023,$21.45,"32,635",$21.75,$21.75,$21.44
01/31/2023,$21.60,"69,800",$21.58,$21.70,$21.34
01/30/2023,$21.59,"29,880",$21.35,$21.59,$21.25
01/27/2023,$21.44,"21,363",$21.31,$21.492,$21.31
01/26/2023,$21.38,"24,902",$21.49,$21.57,$21.346
01/25/2023,$21.50,"30,620",$21.28,$21.50,$21.275
01/24/2023,$21.42,"36,901",$21.40,$21.50,$21.2323
01/23/2023,$21.48,"43,329",$21.02,$21.50,$21.02
01/20/2023,$21.05,"22,722",$20.88,$21.08,$20.80
01/19/2023,$20.84,"19,518",$20.62,$20.9809,$20.56
01/18/2023,$20.76,"56,311",$20.61,$20.79,$20.32
01/17/2023,$20.52,"53,388",$20.50,$20.70,$20.37
01/13/2023,$20.3452,"15,666",$20.40,$20.48,$20.32
01/12/2023,$20.36,"42,611",$20.46,$20.49,$20.3001
01/11/2023,$20.34,"29,276",$20.15,$20.40,$20.128
01/10/2023,$20.10,"36,674",$20.00,$20.12,$19.90
01/09/2023,$20.06,"35,819",$19.90,$20.0899,$19.86
01/06/2023,$19.99,"47,720",$19.83,$19.99,$19.58
01/05/2023,$19.53,"28,853",$19.57,$19.77,$19.50
01/04/2023,$19.62,"29,259",$19.45,$19.78,$19.44
01/03/2023,$19.45,"42,016",$19.27,$19.45,$19.2387
12/30/2022,$19.28,"143,435",$19.45,$19.61,$19.15
12/29/2022,$19.60,"106,201",$19.58,$19.65,$19.38
12/28/2022,$19.90,"34,035",$19.81,$19.9398,$19.75
12/27/2022,$19.8454,"31,632",$19.95,$19.95,$19.75
12/23/2022,$19.94,"58,763",$19.75,$19.99,$19.7075
12/22/2022,$19.75,"60,514",$19.825,$19.95,$19.7264
12/21/2022,$19.90,"53,865",$19.72,$20.0816,$19.65
12/20/2022,$19.64,"82,750",$19.59,$19.667,$19.41
12/19/2022,$19.55,"87,535",$19.71,$19.9315,$19.52
12/16/2022,$19.86,"71,158",$19.60,$19.87,$19.40
12/15/2022,$19.60,"53,079",$19.77,$19.78,$19.4964
12/14/2022,$19.85,"43,247",$19.74,$19.86,$19.61
12/13/2022,$19.74,"57,698",$19.65,$19.86,$19.56
12/12/2022,$19.45,"35,050",$19.50,$19.6999,$19.45
12/09/2022,$19.54,"49,651",$19.68,$19.9285,$19.4201
12/08/2022,$19.89,"57,922",$20.07,$20.07,$19.67
12/07/2022,$20.05,"53,378",$20.10,$20.265,$19.885
12/06/2022,$20.17,"45,536",$20.20,$20.20,$19.7051
12/05/2022,$20.23,"22,931",$20.25,$20.42,$20.1308
12/02/2022,$20.33,"36,617",$20.35,$20.5734,$20.18
12/01/2022,$20.35,"40,833",$20.43,$20.63,$20.13
11/30/2022,$20.57,"118,452",$19.64,$20.89,$19.60
11/29/2022,$19.67,"45,235",$19.77,$19.91,$19.66
11/28/2022,$19.8252,"47,205",$19.89,$19.9821,$19.75
11/25/2022,$20.07,"9,544",$20.10,$20.1739,$19.8501
11/23/2022,$20.10,"19,720",$19.86,$20.153,$19.80
11/22/2022,$19.97,"22,613",$19.85,$20.08,$19.64
11/21/2022,$19.815,"52,638",$20.05,$20.195,$19.70
11/18/2022,$19.90,"76,245",$19.61,$19.94,$19.52
11/17/2022,$19.60,"48,631",$20.03,$20.03,$19.38
11/16/2022,$20.05,"44,498",$20.40,$20.40,$20.02
11/15/2022,$20.36,"68,675",$20.25,$20.6899,$20.14
11/14/2022,$20.23,"76,366",$20.00,$20.23,$19.81
11/11/2022,$20.04,"22,361",$19.96,$20.1799,$19.85
11/10/2022,$19.76,"95,740",$20.00,$20.3318,$19.75
11/09/2022,$19.74,"74,704",$19.60,$19.76,$19.5443
11/08/2022,$19.74,"43,616",$19.27,$19.84,$19.27
11/07/2022,$19.27,"57,871",$18.71,$19.30,$18.71
11/04/2022,$18.71,"65,006",$18.68,$18.90,$18.58
11/03/2022,$18.65,"91,611",$18.55,$18.7232,$18.50
11/02/2022,$18.62,"100,805",$18.46,$18.89,$18.1753
11/01/2022,$18.43,"42,235",$18.78,$18.78,$18.43
10/31/2022,$18.60,"63,475",$18.56,$18.71,$18.28
10/28/2022,$18.58,"139,913",$18.31,$18.65,$18.2607
10/27/2022,$18.32,"66,430",$18.09,$18.60,$18.0173
10/26/2022,$18.08,"160,588",$17.84,$18.25,$17.695
10/25/2022,$17.74,"465,620",$17.20,$17.7794,$17.09
10/24/2022,$17.02,"378,560",$17.17,$17.3168,$16.79
10/21/2022,$17.17,"65,934",$17.14,$17.275,$16.87
10/20/2022,$17.25,"76,147",$17.36,$17.56,$17.16
10/19/2022,$17.46,"90,618",$17.75,$17.77,$17.45
10/18/2022,$17.78,"46,843",$17.82,$18.065,$17.77
10/17/2022,$17.71,"80,117",$18.22,$18.30,$17.71
10/14/2022,$18.22,"25,364",$18.69,$18.69,$18.12
10/13/2022,$18.56,"97,887",$18.41,$18.85,$18.41
10/12/2022,$18.68,"88,349",$18.75,$18.75,$18.45
10/11/2022,$18.69,"147,585",$18.20,$18.69,$18.20
10/10/2022,$18.38,"107,740",$18.85,$18.85,$18.0051
10/07/2022,$18.92,"32,567",$19.10,$19.10,$18.8001
10/06/2022,$19.18,"51,492",$19.51,$19.51,$19.18
10/05/2022,$19.42,"63,317",$19.80,$19.85,$19.22
10/04/2022,$19.70,"45,517",$19.67,$20.09,$19.59
10/03/2022,$19.51,"67,781",$19.23,$19.6638,$19.1999
09/30/2022,$19.26,"191,172",$18.92,$19.37,$18.67
09/29/2022,$18.99,"38,474",$19.19,$19.67,$18.82
09/28/2022,$19.56,"69,935",$19.07,$19.88,$19.07
09/27/2022,$19.06,"73,304",$19.46,$19.7127,$18.71
09/26/2022,$19.46,"91,450",$20.10,$20.14,$19.33
09/23/2022,$20.15,"90,797",$20.10,$20.37,$19.635
09/22/2022,$20.22,"40,144",$20.35,$20.3701,$20.03
09/21/2022,$20.33,"22,847",$20.53,$20.695,$20.30
09/20/2022,$20.35,"50,154",$20.865,$20.865,$20.30
09/19/2022,$20.76,"51,687",$20.75,$20.96,$20.60
09/16/2022,$20.79,"61,839",$20.82,$20.84,$20.61
09/15/2022,$20.90,"68,752",$20.99,$21.00,$20.71
09/14/2022,$21.00,"70,184",$21.25,$21.3864,$20.95
09/13/2022,$21.30,"85,510",$21.60,$21.6099,$21.28
09/12/2022,$21.70,"168,460",$21.43,$22.30,$21.40
09/09/2022,$21.40,"104,222",$21.48,$21.48,$21.30
09/08/2022,$21.25,"58,906",$21.15,$21.45,$21.15
09/07/2022,$21.13,"70,101",$21.22,$21.30,$21.10
09/06/2022,$21.20,"43,903",$21.59,$21.59,$21.08
09/02/2022,$21.61,"23,152",$21.60,$21.65,$21.30
09/01/2022,$21.54,"35,851",$21.40,$21.5777,$21.21
08/31/2022,$21.46,"92,165",$21.80,$21.80,$21.07
08/30/2022,$21.72,"10,348",$21.72,$21.76,$21.5239
08/29/2022,$21.655,"41,513",$21.48,$21.93,$21.40
08/26/2022,$21.25,"14,350",$21.64,$21.74,$21.25
08/25/2022,$21.80,"12,973",$21.77,$21.85,$21.5601
08/24/2022,$21.70,"31,870",$21.40,$21.70,$21.40
08/23/2022,$21.55,"37,752",$21.38,$21.64,$21.08
08/22/2022,$21.42,"22,690",$21.50,$21.55,$21.3001
08/19/2022,$21.59,"28,446",$21.50,$21.65,$21.34
08/18/2022,$21.57,"14,165",$21.59,$21.66,$21.55
08/17/2022,$21.565,"14,695",$21.83,$21.85,$21.53
08/16/2022,$21.85,"30,381",$21.87,$21.87,$21.65
08/15/2022,$21.79,"20,018",$21.70,$22.00,$21.70
08/12/2022,$21.77,"26,765",$21.804,$21.90,$21.61
08/11/2022,$21.83,"18,486",$21.96,$21.96,$21.77
08/10/2022,$21.97,"12,940",$21.94,$21.97,$21.76
08/09/2022,$21.59,"20,560",$21.85,$21.91,$21.50
08/08/2022,$21.72,"39,374",$22.09,$22.17,$21.72
08/05/2022,$22.22,"64,536",$22.20,$22.24,$21.8252
08/04/2022,$22.35,"83,344",$21.83,$22.35,$21.83
08/03/2022,$22.08,"72,824",$21.87,$22.08,$21.70
08/02/2022,$21.96,"69,097",$21.76,$21.96,$21.50
08/01/2022,$21.87,"104,551",$22.22,$22.34,$21.35
07/29/2022,$22.29,"146,669",$21.16,$22.29,$21.0801
07/28/2022,$21.11,"36,405",$20.7607,$21.11,$20.7607
07/27/2022,$20.94,"19,489",$20.47,$20.94,$20.47
07/26/2022,$20.50,"29,962",$20.63,$20.71,$20.39
07/25/2022,$20.63,"73,861",$20.74,$20.80,$20.54
07/22/2022,$20.66,"35,223",$20.75,$20.9769,$20.66
07/21/2022,$20.75,"21,405",$20.44,$20.75,$20.44
07/20/2022,$20.50,"24,875",$20.25,$20.50,$20.16
07/19/2022,$20.13,"58,504",$20.20,$20.42,$20.12
07/18/2022,$20.12,"35,940",$20.20,$20.3988,$20.12
07/15/2022,$20.205,"33,630",$20.14,$20.33,$20.05
07/14/2022,$20.00,"58,078",$20.01,$20.19,$19.87
07/13/2022,$20.08,"66,940",$19.80,$20.08,$19.75
07/12/2022,$19.87,"52,264",$20.00,$20.0832,$19.82
07/11/2022,$20.03,"63,656",$20.06,$20.0658,$19.86
07/08/2022,$19.99,"42,751",$20.09,$20.1899,$19.77
07/07/2022,$20.10,"48,320",$19.74,$20.11,$19.73
07/06/2022,$19.79,"34,931",$20.20,$20.25,$19.76
07/05/2022,$20.18,"70,488",$20.32,$20.32,$20.095
07/01/2022,$20.34,"83,478",$20.08,$20.4815,$20.01
06/30/2022,$20.20,"72,759",$20.17,$20.51,$20.17
06/29/2022,$20.55,"62,692",$20.62,$20.7399,$20.3601
06/28/2022,$20.66,"32,384",$20.74,$20.99,$20.54
06/27/2022,$20.76,"64,437",$21.05,$21.87,$20.75
06/24/2022,$20.83,"39,683",$20.74,$20.92,$20.62
06/23/2022,$20.53,"89,574",$20.84,$21.06,$20.52
06/22/2022,$20.84,"21,302",$20.87,$20.92,$20.81
06/21/2022,$20.84,"86,652",$21.08,$21.09,$20.72
06/17/2022,$21.20,"257,107",$20.61,$21.3818,$20.30
06/16/2022,$20.68,"121,411",$21.23,$21.23,$20.27
06/15/2022,$21.46,"83,286",$21.85,$21.85,$21.1903
06/14/2022,$21.46,"76,066",$21.35,$21.77,$21.11
06/13/2022,$21.22,"134,012",$21.85,$21.90,$21.13
06/10/2022,$22.05,"61,086",$22.30,$22.30,$21.7936
06/09/2022,$22.43,"40,553",$22.455,$22.5397,$22.04
06/08/2022,$22.60,"28,511",$22.41,$22.60,$22.27
06/07/2022,$22.32,"29,153",$22.38,$22.59,$22.26
06/06/2022,$22.43,"90,834",$22.89,$22.90,$22.37
06/03/2022,$22.73,"20,533",$22.765,$22.93,$22.67
06/02/2022,$22.78,"31,611",$22.88,$22.88,$22.60
06/01/2022,$22.76,"109,373",$22.50,$22.80,$22.42
05/31/2022,$22.40,"107,745",$22.40,$22.55,$22.0601
05/27/2022,$22.33,"67,108",$21.77,$22.39,$21.75
05/26/2022,$21.65,"70,179",$21.29,$21.873,$21.29
05/25/2022,$21.26,"37,037",$21.16,$21.40,$21.1558
05/24/2022,$21.15,"31,737",$21.18,$21.25,$21.05
05/23/2022,$21.22,"51,383",$21.34,$21.34,$21.0921
05/20/2022,$21.10,"28,699",$21.3673,$21.38,$21.0501
05/19/2022,$21.22,"20,394",$21.00,$21.44,$20.98
05/18/2022,$21.09,"33,522",$21.10,$21.2741,$21.00
05/17/2022,$21.14,"63,471",$21.521,$21.545,$21.14
05/16/2022,$21.22,"76,061",$21.41,$21.6899,$21.05
05/13/2022,$21.41,"56,274",$21.62,$21.875,$21.39
05/12/2022,$21.60,"43,237",$22.19,$22.36,$21.60
05/11/2022,$22.30,"159,329",$22.02,$22.40,$22.02
05/10/2022,$22.01,"36,273",$22.15,$22.37,$22.01
05/09/2022,$22.15,"34,384",$22.46,$22.49,$22.15
05/06/2022,$22.52,"42,479",$22.70,$22.76,$22.48
05/05/2022,$22.67,"29,116",$22.66,$22.8299,$22.65
05/04/2022,$22.75,"32,431",$22.71,$22.87,$22.66
05/03/2022,$22.76,"38,083",$23.06,$23.06,$22.70
05/02/2022,$22.90,"46,093",$23.00,$23.18,$22.80
04/29/2022,$23.12,"117,544",$22.87,$23.15,$22.72
04/28/2022,$22.87,"35,342",$22.87,$22.87,$22.67
04/27/2022,$22.87,"39,947",$22.99,$23.05,$22.82
04/26/2022,$22.96,"23,802",$23.05,$23.055,$22.91
04/25/2022,$22.96,"36,089",$22.96,$23.04,$22.94
04/22/2022,$22.96,"54,079",$22.97,$23.04,$22.94
04/21/2022,$23.12,"65,414",$22.82,$23.12,$22.82
04/20/2022,$22.82,"49,052",$22.66,$22.88,$22.63
04/19/2022,$22.66,"53,443",$22.66,$22.8494,$22.65
04/18/2022,$22.81,"41,697",$23.11,$23.12,$22.81
04/14/2022,$22.96,"48,540",$23.15,$23.18,$22.96
04/13/2022,$23.16,"19,207",$23.05,$23.27,$23.04
04/12/2022,$23.04,"47,503",$23.10,$23.25,$23.00
04/11/2022,$23.05,"95,014",$23.13,$23.14,$23.00
04/08/2022,$23.10,"36,541",$23.10,$23.19,$23.07
04/07/2022,$23.06,"93,378",$23.12,$23.2688,$23.06
04/06/2022,$23.22,"56,119",$23.20,$23.34,$23.12
04/05/2022,$23.26,"69,496",$23.50,$23.54,$23.26
04/04/2022,$23.51,"52,510",$23.48,$23.6499,$23.43
04/01/2022,$23.38,"52,991",$23.44,$23.442,$23.21
03/31/2022,$23.33,"47,207",$23.37,$23.50,$23.33
03/30/2022,$23.72,"42,635",$23.616,$23.7887,$23.616
03/29/2022,$23.60,"53,801",$23.66,$23.7499,$23.55
03/28/2022,$23.59,"84,080",$23.50,$23.7799,$23.48
03/25/2022,$23.45,"76,718",$23.83,$23.83,$23.45
03/24/2022,$23.76,"35,387",$23.85,$23.85,$23.70
03/23/2022,$23.80,"29,585",$23.62,$23.83,$23.62
03/22/2022,$23.83,"30,755",$23.60,$23.84,$23.52
03/21/2022,$23.60,"51,108",$23.65,$23.68,$23.4701
03/18/2022,$23.67,"47,235",$23.51,$23.69,$23.51
03/17/2022,$23.61,"61,675",$23.04,$23.62,$23.04
03/16/2022,$23.16,"90,608",$23.33,$23.4488,$23.01
03/15/2022,$23.19,"21,384",$23.10,$23.2999,$22.97
03/14/2022,$23.03,"76,543",$23.50,$23.50,$22.92
03/11/2022,$23.33,"17,277",$23.42,$23.55,$23.33
03/10/2022,$23.40,"25,740",$23.35,$23.495,$23.34
03/09/2022,$23.35,"30,826",$23.73,$23.73,$23.35
03/08/2022,$23.35,"26,885",$23.43,$23.55,$23.34
03/07/2022,$23.36,"95,645",$23.84,$23.84,$23.26
03/04/2022,$23.78,"51,635",$23.90,$23.9199,$23.7432
03/03/2022,$23.90,"86,584",$23.75,$24.00,$23.73
03/02/2022,$23.71,"52,996",$23.70,$23.71,$23.55
03/01/2022,$23.55,"100,862",$23.53,$23.6528,$23.33
02/28/2022,$23.41,"86,343",$23.50,$23.6899,$23.40
02/25/2022,$23.50,"40,000",$23.44,$23.59,$23.36
02/24/2022,$23.25,"91,806",$22.95,$23.27,$22.77
02/23/2022,$23.37,"66,275",$23.49,$23.55,$23.30
02/22/2022,$23.47,"35,653",$23.40,$23.70,$23.30
02/18/2022,$23.50,"60,643",$23.58,$23.58,$23.41
02/17/2022,$23.50,"53,014",$23.49,$23.65,$23.38
02/16/2022,$23.50,"59,540",$23.48,$23.57,$23.36
02/15/2022,$23.5471,"63,779",$23.89,$23.89,$23.45
02/14/2022,$23.40,"142,902",$23.60,$23.7003,$23.30
02/11/2022,$23.50,"96,566",$23.67,$23.68,$23.28
02/10/2022,$23.66,"104,254",$23.72,$23.7899,$23.5148
02/09/2022,$23.77,"70,563",$23.98,$24.0792,$23.7491
02/08/2022,$23.84,"119,748",$23.96,$24.0899,$23.72
02/07/2022,$23.75,"124,830",$23.60,$23.89,$23.60
02/04/2022,$23.65,"214,254",$23.8771,$23.8771,$23.48
02/03/2022,$23.93,"145,105",$24.00,$24.0672,$23.65
02/02/2022,$24.18,"96,947",$24.56,$24.65,$24.03
02/01/2022,$24.56,"28,268",$24.65,$24.78,$24.465
01/31/2022,$24.53,"46,472",$24.26,$24.717,$24.2501
01/28/2022,$24.39,"87,287",$24.51,$24.6729,$24.36
01/27/2022,$24.50,"123,006",$24.87,$24.87,$24.50
01/26/2022,$24.64,"56,465",$24.83,$24.83,$24.59
01/25/2022,$24.70,"36,150",$24.91,$24.91,$24.651
01/24/2022,$24.95,"49,362",$24.75,$24.95,$24.60
01/21/2022,$24.85,"62,329",$24.75,$24.899,$24.6801
01/20/2022,$24.75,"93,215",$25.05,$25.05,$24.75
01/19/2022,$24.92,"60,062",$25.00,$25.10,$24.9175
01/18/2022,$24.97,"32,739",$25.00,$25.05,$24.95
01/14/2022,$25.10,"66,783",$24.98,$25.10,$24.9213
01/13/2022,$24.98,"73,800",$24.99,$25.14,$24.89
01/12/2022,$24.99,"50,195",$25.20,$25.20,$24.97
01/11/2022,$25.14,"35,622",$24.92,$25.1945,$24.90
01/10/2022,$25.01,"37,015",$25.00,$25.09,$24.94
01/07/2022,$25.02,"24,383",$25.07,$25.11,$25.01
01/06/2022,$25.17,"52,409",$25.021,$25.17,$24.75
01/05/2022,$24.98,"27,289",$25.0929,$25.1499,$24.92
01/04/2022,$25.09,"25,928",$25.31,$25.31,$25.05
01/03/2022,$25.31,"23,293",$25.1706,$25.355,$25.1411
12/31/2021,$25.26,"165,956",$25.10,$25.35,$25.0661
12/30/2021,$25.10,"45,324",$25.10,$25.1499,$25.0501
12/29/2021,$25.39,"11,091",$25.349,$25.40,$25.30
12/28/2021,$25.37,"18,935",$25.35,$25.3803,$25.28
12/27/2021,$25.25,"29,778",$25.25,$25.45,$25.22
12/23/2021,$25.25,"69,164",$25.41,$25.41,$25.00
12/22/2021,$25.35,"104,789",$25.3211,$25.54,$25.2801
12/21/2021,$25.37,"25,651",$25.11,$25.37,$25.0301
12/20/2021,$25.02,"36,975",$25.23,$25.23,$25.00
12/17/2021,$25.13,"21,959",$25.12,$25.13,$25.01
12/16/2021,$25.04,"70,676",$25.22,$25.22,$24.95
12/15/2021,$25.07,"33,116",$25.01,$25.10,$24.96
12/14/2021,$25.07,"9,429",$25.25,$25.25,$25.06
12/13/2021,$25.32,"12,166",$25.22,$25.32,$25.2001
12/10/2021,$25.25,"65,031",$25.25,$25.36,$25.21
12/09/2021,$25.30,"18,519",$25.3401,$25.3401,$25.2501
12/08/2021,$25.36,"111,892",$25.39,$25.39,$25.245
12/07/2021,$25.35,"64,581",$25.05,$25.36,$24.97
12/06/2021,$24.97,"162,418",$25.10,$25.10,$24.96
12/03/2021,$25.10,"30,781",$25.06,$25.16,$24.98
12/02/2021,$25.0355,"31,577",$24.95,$25.06,$24.90
12/01/2021,$24.86,"13,900",$24.99,$25.10,$24.85
11/30/2021,$24.84,"78,843",$24.94,$25.10,$24.82
11/29/2021,$24.97,"81,494",$25.02,$25.11,$24.90
11/26/2021,$25.00,"57,527",$25.05,$25.07,$25.00
11/24/2021,$25.08,"44,653",$25.16,$25.20,$25.06
11/23/2021,$25.02,"46,811",$25.11,$25.11,$25.0093
11/22/2021,$25.11,"35,788",$25.11,$25.18,$25.0678
11/19/2021,$25.16,"17,980",$25.08,$25.17,$25.08
11/18/2021,$25.17,"42,655",$25.15,$25.20,$25.10
11/17/2021,$25.16,"15,699",$25.21,$25.235,$25.16
11/16/2021,$25.20,"42,337",$25.35,$25.35,$25.20
11/15/2021,$25.35,"36,679",$25.48,$25.48,$25.24
11/12/2021,$25.41,"20,186",$25.40,$25.48,$25.26
11/11/2021,$25.44,"25,611",$25.30,$25.44,$25.20
11/10/2021,$25.39,"26,315",$25.40,$25.43,$25.33
11/09/2021,$25.4496,"9,975",$25.41,$25.45,$25.35
11/08/2021,$25.48,"14,419",$25.40,$25.48,$25.395
11/05/2021,$25.40,"26,971",$25.41,$25.49,$25.37
11/04/2021,$25.38,"25,801",$25.39,$25.40,$25.29
11/03/2021,$25.31,"54,154",$25.29,$25.4099,$25.25
11/02/2021,$25.325,"25,694",$25.41,$25.41,$25.2255
11/01/2021,$25.28,"34,099",$25.30,$25.38,$25.16
10/29/2021,$25.33,"104,684",$25.34,$25.45,$25.27
10/28/2021,$25.35,"23,229",$25.35,$25.4495,$25.3411
10/27/2021,$25.47,"62,591",$25.29,$25.47,$25.19
10/26/2021,$25.23,"44,822",$25.39,$25.39,$25.21
10/25/2021,$25.24,"42,450",$25.35,$25.35,$25.24
10/22/2021,$25.30,"12,597",$25.11,$25.32,$25.11
10/21/2021,$25.3102,"13,432",$25.29,$25.39,$25.29
10/20/2021,$25.32,"13,278",$25.20,$25.37,$25.1341
10/19/2021,$25.26,"28,660",$25.112,$25.2999,$25.112
10/18/2021,$25.11,"28,123",$25.11,$25.24,$25.11
10/15/2021,$25.22,"45,947",$25.50,$25.50,$25.21
10/14/2021,$25.50,"78,590",$25.45,$25.50,$25.35
10/13/2021,$25.22,"31,811",$25.16,$25.29,$25.12
10/12/2021,$25.07,"11,858",$25.15,$25.16,$25.03
10/11/2021,$25.07,"11,815",$25.00,$25.13,$25.00
10/08/2021,$25.13,"26,948",$25.20,$25.20,$24.9141
10/07/2021,$25.11,"29,623",$25.19,$25.19,$25.05
10/06/2021,$25.14,"33,756",$25.10,$25.1778,$25.00
10/05/2021,$25.10,"30,055",$25.13,$25.20,$25.10
10/04/2021,$25.10,"32,465",$25.05,$25.15,$25.01
10/01/2021,$25.15,"23,513",$25.25,$25.28,$25.15
09/30/2021,$25.24,"50,807",$25.17,$25.2488,$25.15
09/29/2021,$25.49,"28,200",$25.30,$25.49,$25.28
09/28/2021,$25.23,"64,629",$25.36,$25.42,$25.22
09/27/2021,$25.38,"13,645",$25.5496,$25.5496,$25.37
09/24/2021,$25.47,"14,550",$25.59,$25.59,$25.47
09/23/2021,$25.59,"16,825",$25.53,$25.59,$25.50
09/22/2021,$25.52,"55,744",$25.55,$25.59,$25.52
09/21/2021,$25.55,"22,412",$25.50,$25.55,$25.40
09/20/2021,$25.47,"20,683",$25.41,$25.53,$25.40
09/17/2021,$25.52,"42,688",$25.51,$25.5634,$25.45
09/16/2021,$25.50,"40,195",$25.44,$25.54,$25.38
09/15/2021,$25.47,"36,370",$25.495,$25.5585,$25.41
09/14/2021,$25.44,"95,392",$25.71,$25.71,$25.4091
09/13/2021,$25.61,"22,496",$25.46,$25.6399,$25.46
09/10/2021,$25.34,"38,288",$25.54,$25.66,$25.34
09/09/2021,$25.57,"33,656",$25.52,$25.64,$25.41
09/08/2021,$25.47,"14,938",$25.49,$25.49,$25.35
09/07/2021,$25.35,"15,930",$25.60,$25.60,$25.35
09/03/2021,$25.46,"11,680",$25.55,$25.55,$25.38
09/02/2021,$25.50,"21,124",$25.47,$25.56,$25.47
09/01/2021,$25.56,"59,585",$25.55,$25.56,$25.44
08/31/2021,$25.57,"109,859",$25.49,$25.59,$25.3701
08/30/2021,$25.49,"38,811",$25.488,$25.50,$25.47
08/27/2021,$25.47,"17,122",$25.3699,$25.50,$25.3001
08/26/2021,$25.3528,"25,412",$25.47,$25.47,$25.3001
08/25/2021,$25.42,"61,498",$25.358,$25.436,$25.35
08/24/2021,$25.42,"70,456",$25.30,$25.42,$25.27
08/23/2021,$25.27,"30,823",$25.25,$25.36,$25.2207
08/20/2021,$25.25,"52,733",$25.15,$25.29,$25.13
08/19/2021,$25.14,"24,834",$25.13,$25.1692,$25.08
08/18/2021,$25.13,"33,296",$25.1184,$25.1589,$25.06
08/17/2021,$25.10,"90,136",$25.10,$25.30,$25.04
08/16/2021,$25.31,"98,790",$25.25,$25.31,$25.12
08/13/2021,$25.23,"31,794",$25.23,$25.33,$25.18
08/12/2021,$25.20,"40,784",$25.17,$25.27,$25.14
08/11/2021,$25.18,"20,649",$25.26,$25.29,$25.17
08/10/2021,$25.20,"77,031",$25.25,$25.30,$25.12
08/09/2021,$25.32,"40,771",$25.40,$25.40,$25.2697
08/06/2021,$25.40,"38,194",$25.449,$25.48,$25.34
08/05/2021,$25.50,"29,789",$25.19,$25.50,$25.19
08/04/2021,$25.25,"54,996",$25.1619,$25.40,$25.1619
08/03/2021,$25.22,"25,938",$25.25,$25.36,$25.22
08/02/2021,$25.30,"68,282",$25.28,$25.40,$25.28
07/30/2021,$25.40,"32,973",$25.37,$25.40,$25.30
07/29/2021,$25.35,"50,863",$25.20,$25.38,$25.13
07/28/2021,$25.18,"30,039",$25.22,$25.22,$25.12
07/27/2021,$25.19,"25,587",$25.20,$25.20,$25.10
07/26/2021,$25.20,"23,303",$25.15,$25.20,$25.1036
07/23/2021,$25.175,"33,614",$25.17,$25.1943,$25.15
07/22/2021,$25.17,"105,313",$25.15,$25.22,$25.14
07/21/2021,$25.12,"52,276",$25.13,$25.14,$25.07
07/20/2021,$25.13,"42,459",$24.96,$25.14,$24.95
07/19/2021,$25.01,"102,636",$25.20,$25.21,$24.8994
07/16/2021,$25.25,"14,598",$25.26,$25.26,$25.16
07/15/2021,$25.13,"31,013",$25.40,$25.40,$25.13
07/14/2021,$25.33,"52,218",$25.30,$25.40,$25.29
07/13/2021,$25.21,"33,293",$25.44,$25.45,$25.21
07/12/2021,$25.43,"32,671",$25.46,$25.46,$25.3129
07/09/2021,$25.32,"47,367",$25.46,$25.478,$25.28
07/08/2021,$25.37,"49,385",$25.48,$25.48,$25.33
07/07/2021,$25.49,"43,512",$25.288,$25.50,$25.288
07/06/2021,$25.33,"51,466",$25.15,$25.33,$25.10
07/02/2021,$25.18,"50,669",$25.07,$25.19,$25.0201
07/01/2021,$25.06,"104,769",$25.05,$25.11,$24.95
06/30/2021,$25.05,"143,638",$24.75,$25.08,$24.70
06/29/2021,$24.99,"128,687",$25.00,$25.18,$24.99
06/28/2021,$25.06,"95,774",$25.08,$25.13,$25.05
06/25/2021,$25.10,"130,195",$25.11,$25.1799,$25.09
06/24/2021,$25.12,"52,491",$25.18,$25.22,$25.11
06/23/2021,$25.11,"37,566",$25.16,$25.22,$25.08
06/22/2021,$25.06,"217,181",$25.11,$25.16,$25.05
06/21/2021,$25.10,"41,406",$25.06,$25.19,$25.06
06/18/2021,$25.07,"31,355",$25.04,$25.14,$25.04
06/17/2021,$25.07,"73,141",$25.121,$25.16,$25.01
06/16/2021,$25.08,"92,546",$25.16,$25.16,$25.015
06/15/2021,$25.05,"61,217",$25.19,$25.19,$25.02
06/14/2021,$25.15,"46,217",$25.18,$25.19,$25.10
06/11/2021,$25.15,"64,342",$25.2177,$25.29,$25.1011
06/10/2021,$25.25,"58,912",$25.15,$25.27,$25.1312
06/09/2021,$25.25,"61,591",$25.2199,$25.28,$25.1186
06/08/2021,$25.07,"50,660",$25.1999,$25.1999,$25.04
06/07/2021,$25.14,"48,433",$25.25,$25.28,$25.10
06/04/2021,$25.18,"68,573",$25.15,$25.25,$25.1026
06/03/2021,$25.11,"232,694",$25.00,$25.15,$24.94
06/02/2021,$24.99,"97,629",$25.15,$25.15,$24.99
06/01/2021,$25.10,"75,649",$25.05,$25.14,$24.86
05/28/2021,$25.14,"118,834",$25.00,$25.147,$24.99
05/27/2021,$25.01,"143,441",$24.98,$25.15,$24.85
05/26/2021,$24.965,"80,061",$24.94,$24.98,$24.85
05/25/2021,$24.94,"60,387",$24.87,$24.94,$24.75
05/24/2021,$24.78,"188,792",$24.95,$24.95,$24.76
05/21/2021,$24.91,"167,709",$24.77,$24.94,$24.671
05/20/2021,$24.76,"34,411",$24.74,$24.7783,$24.6101
05/19/2021,$24.75,"39,772",$24.64,$24.78,$24.52
05/18/2021,$24.65,"41,581",$24.472,$24.66,$24.3501
05/17/2021,$24.45,"56,536",$24.40,$24.45,$24.25
05/14/2021,$24.36,"27,173",$24.23,$24.4199,$24.08
05/13/2021,$24.18,"340,821",$24.15,$24.60,$24.08
05/12/2021,$23.91,"123,381",$24.36,$24.36,$23.87
05/11/2021,$24.36,"65,327",$24.55,$24.55,$24.26
05/10/2021,$24.60,"63,741",$24.68,$24.68,$24.4873
05/07/2021,$24.57,"89,145",$24.40,$24.57,$24.40
05/06/2021,$24.42,"37,086",$24.418,$24.455,$24.31
05/05/2021,$24.43,"37,849",$24.5824,$24.5824,$24.31
05/04/2021,$24.45,"89,154",$24.29,$24.48,$24.20
05/03/2021,$24.18,"106,786",$24.03,$24.24,$24.03
04/30/2021,$24.02,"161,104",$24.25,$24.3589,$24.02
04/29/2021,$24.25,"48,092",$24.44,$24.44,$24.2215
04/28/2021,$24.35,"47,301",$24.1701,$24.37,$24.1701
04/27/2021,$24.26,"93,407",$24.0673,$24.3021,$24.00
04/26/2021,$24.00,"89,820",$23.967,$24.011,$23.86
04/23/2021,$23.84,"85,433",$23.91,$23.97,$23.80
04/22/2021,$23.82,"64,820",$23.824,$23.87,$23.75
04/21/2021,$23.80,"25,650",$23.73,$23.8448,$23.73
04/20/2021,$23.77,"50,738",$23.75,$23.86,$23.72
04/19/2021,$23.78,"82,602",$23.85,$23.8656,$23.75
04/16/2021,$23.77,"94,094",$23.90,$23.9194,$23.77
04/15/2021,$23.90,"168,949",$23.85,$23.93,$23.7686
04/14/2021,$23.80,"177,630",$23.88,$23.90,$23.78
04/13/2021,$23.83,"248,250",$23.90,$23.90,$23.82
04/12/2021,$23.88,"63,629",$23.88,$23.896,$23.82
04/09/2021,$23.85,"34,337",$23.91,$23.91,$23.80
04/08/2021,$23.91,"38,664",$23.95,$23.95,$23.82
04/07/2021,$23.929,"70,858",$24.03,$24.07,$23.90
04/06/2021,$24.06,"62,140",$23.88,$24.07,$23.88
04/05/2021,$23.87,"77,913",$23.82,$23.87,$23.78
04/01/2021,$23.82,"60,391",$23.78,$23.82,$23.70
03/31/2021,$23.66,"151,318",$23.74,$23.7864,$23.65
03/30/2021,$23.92,"136,861",$23.90,$23.97,$23.83
03/29/2021,$23.85,"130,626",$23.91,$24.02,$23.82
03/26/2021,$23.90,"237,852",$23.90,$23.93,$23.80
03/25/2021,$23.80,"108,960",$23.89,$23.9399,$23.80
03/24/2021,$23.85,"120,408",$23.93,$23.97,$23.85
03/23/2021,$23.90,"121,641",$24.07,$24.1399,$23.84
03/22/2021,$23.92,"152,238",$24.24,$24.24,$23.91
03/19/2021,$23.95,"93,595",$23.84,$24.0299,$23.84
03/18/2021,$23.97,"58,935",$23.98,$24.00,$23.82
03/17/2021,$23.98,"99,032",$24.15,$24.15,$23.94
03/16/2021,$24.07,"73,861",$23.95,$24.07,$23.80
03/15/2021,$23.97,"86,456",$23.81,$23.97,$23.69
03/12/2021,$23.70,"63,524",$23.82,$23.8899,$23.65
03/11/2021,$23.90,"22,608",$23.76,$23.90,$23.74
03/10/2021,$23.75,"36,544",$23.81,$23.82,$23.70
03/09/2021,$23.70,"40,701",$23.7075,$23.80,$23.6626
03/08/2021,$23.62,"97,876",$23.60,$23.739,$23.55
03/05/2021,$23.65,"24,025",$23.74,$23.74,$23.56
03/04/2021,$23.675,"47,299",$23.75,$23.75,$23.51
03/03/2021,$23.72,"28,384",$23.64,$23.72,$23.5426
03/02/2021,$23.585,"37,139",$23.405,$23.60,$23.3675
03/01/2021,$23.45,"57,998",$23.45,$23.58,$23.14
02/26/2021,$23.41,"68,059",$23.26,$23.449,$23.10
02/25/2021,$23.27,"112,492",$23.38,$23.47,$23.15
02/24/2021,$23.40,"44,619",$23.61,$23.6394,$23.38
02/23/2021,$23.5999,"33,357",$23.5501,$23.65,$23.55
02/22/2021,$23.58,"27,527",$23.74,$23.74,$23.57
02/19/2021,$23.65,"33,989",$23.74,$23.74,$23.53
02/18/2021,$23.70,"22,416",$23.64,$23.73,$23.575
02/17/2021,$23.58,"44,159",$23.70,$23.7999,$23.56
02/16/2021,$23.57,"36,609",$23.8716,$23.8716,$23.50
02/12/2021,$23.75,"50,995",$23.89,$23.89,$23.6801
02/11/2021,$23.84,"27,204",$23.89,$23.9386,$23.74
02/10/2021,$23.89,"47,166",$24.035,$24.035,$23.76
02/09/2021,$23.9962,"39,728",$24.15,$24.15,$23.97
02/08/2021,$24.10,"55,532",$24.173,$24.24,$24.10
02/05/2021,$24.15,"41,028",$24.08,$24.25,$24.07
02/04/2021,$24.06,"17,195",$23.95,$24.1299,$23.95
02/03/2021,$24.07,"46,788",$24.30,$24.30,$23.93
02/02/2021,$24.05,"63,484",$24.00,$24.20,$23.90
02/01/2021,$23.96,"57,475",$23.89,$24.13,$23.85
01/29/2021,$24.00,"84,832",$24.07,$24.07,$23.83
01/28/2021,$24.07,"81,793",$24.05,$24.09,$23.84
01/27/2021,$23.96,"69,053",$24.014,$24.08,$23.93
01/26/2021,$24.09,"58,103",$24.17,$24.1829,$23.97
01/25/2021,$24.11,"139,765",$24.20,$24.28,$24.00
01/22/2021,$24.28,"43,519",$24.35,$24.396,$24.16
01/21/2021,$24.35,"52,626",$24.38,$24.50,$24.19
01/20/2021,$24.36,"49,272",$24.10,$24.45,$24.10
01/19/2021,$24.20,"41,721",$24.11,$24.20,$23.94
01/15/2021,$24.10,"22,465",$23.96,$24.14,$23.885
01/14/2021,$24.00,"57,306",$24.00,$24.09,$23.928
01/13/2021,$23.97,"59,566",$23.77,$24.00,$23.7101
01/12/2021,$23.67,"48,502",$23.645,$23.71,$23.55
01/11/2021,$23.73,"77,100",$23.68,$23.74,$23.61
01/08/2021,$23.71,"41,414",$23.76,$23.78,$23.64
01/07/2021,$23.77,"145,013",$23.72,$23.83,$23.60
01/06/2021,$23.61,"49,096",$23.68,$23.772,$23.49
01/05/2021,$23.76,"77,647",$23.69,$23.89,$23.65
01/04/2021,$23.74,"81,648",$23.81,$23.81,$23.51
12/31/2020,$23.89,"145,495",$23.75,$23.93,$23.60
12/30/2020,$23.80,"128,660",$23.68,$23.915,$23.52
12/29/2020,$24.02,"99,441",$23.70,$24.06,$23.675
12/28/2020,$23.73,"61,510",$23.69,$23.80,$23.646
12/24/2020,$23.69,"50,263",$23.50,$23.69,$23.42
12/23/2020,$23.47,"109,758",$23.50,$23.50,$23.28
12/22/2020,$23.50,"73,025",$23.40,$23.50,$23.27
12/21/2020,$23.49,"40,675",$23.34,$23.49,$23.275
12/18/2020,$23.49,"87,682",$23.45,$23.56,$23.20
12/17/2020,$23.40,"107,857",$23.45,$23.45,$23.09
12/16/2020,$23.34,"80,305",$23.127,$23.34,$23.11
12/15/2020,$23.14,"79,615",$23.04,$23.15,$22.91
12/14/2020,$22.94,"121,705",$23.1171,$23.1171,$22.75
12/11/2020,$23.03,"132,559",$22.91,$23.09,$22.86
12/10/2020,$23.00,"90,695",$23.09,$23.12,$22.88
12/09/2020,$23.10,"26,969",$23.14,$23.20,$23.00
12/08/2020,$23.14,"79,101",$23.03,$23.15,$22.95
12/07/2020,$22.90,"166,729",$22.98,$23.10,$22.81
12/04/2020,$22.90,"121,128",$22.70,$22.90,$22.603
12/03/2020,$22.67,"115,525",$22.50,$22.73,$22.37
12/02/2020,$22.44,"166,310",$22.39,$22.4896,$22.30
12/01/2020,$22.31,"284,015",$22.38,$22.58,$22.30
11/30/2020,$22.30,"169,223",$22.49,$22.50,$22.27
11/27/2020,$22.30,"40,242",$22.30,$22.38,$22.29
11/25/2020,$22.27,"91,544",$22.20,$22.32,$21.91
11/24/2020,$22.07,"328,767",$22.114,$22.25,$22.02
11/23/2020,$22.06,"167,827",$21.90,$22.12,$21.86
11/20/2020,$21.87,"70,035",$21.871,$21.94,$21.775
11/19/2020,$21.88,"133,981",$21.75,$21.98,$21.72
11/18/2020,$21.74,"267,234",$21.51,$21.92,$21.51
11/17/2020,$21.63,"202,487",$21.70,$21.90,$21.50
11/16/2020,$21.62,"272,565",$21.66,$21.789,$21.34
11/13/2020,$21.45,"70,531",$21.44,$21.66,$21.37
11/12/2020,$21.34,"78,217",$21.59,$21.61,$21.29
11/11/2020,$21.57,"72,800",$21.90,$21.96,$21.46
11/10/2020,$21.86,"174,671",$21.955,$22.09,$21.77
11/09/2020,$21.88,"63,799",$22.09,$22.09,$21.77
11/06/2020,$21.73,"76,812",$21.72,$21.93,$21.59
11/05/2020,$21.82,"217,350",$21.65,$21.93,$21.60
11/04/2020,$21.60,"115,036",$21.52,$21.77,$21.3801
11/03/2020,$21.51,"36,295",$21.35,$21.64,$21.29
11/02/2020,$21.39,"70,549",$21.59,$21.758,$21.27
10/30/2020,$21.65,"88,032",$21.58,$21.71,$21.37
10/29/2020,$21.69,"54,112",$21.60,$21.75,$21.50
10/28/2020,$21.60,"104,683",$21.80,$21.88,$21.48
10/27/2020,$21.88,"42,539",$22.00,$22.05,$21.775
10/26/2020,$21.85,"50,318",$22.03,$22.14,$21.75
10/23/2020,$22.08,"63,789",$22.00,$22.18,$22.00
10/22/2020,$22.00,"28,772",$22.06,$22.12,$21.96
10/21/2020,$22.10,"37,296",$22.13,$22.1999,$22.06
10/20/2020,$22.15,"13,530",$22.10,$22.15,$22.09
10/19/2020,$22.15,"56,346",$22.26,$22.26,$22.10
10/16/2020,$22.25,"36,506",$22.07,$22.25,$21.97
10/15/2020,$22.05,"14,107",$21.94,$22.09,$21.94
10/14/2020,$22.07,"44,607",$22.214,$22.214,$21.94
10/13/2020,$22.17,"11,321",$22.21,$22.22,$22.15
10/12/2020,$22.22,"23,350",$22.183,$22.30,$22.15
10/09/2020,$22.23,"23,646",$22.35,$22.35,$22.07
10/08/2020,$22.36,"72,685",$22.00,$22.45,$21.91
10/07/2020,$21.97,"39,151",$21.95,$22.11,$21.95
10/06/2020,$21.95,"78,212",$21.99,$22.29,$21.90
10/05/2020,$21.94,"33,970",$22.05,$22.15,$21.94
10/02/2020,$22.01,"59,737",$22.05,$22.15,$21.85
10/01/2020,$22.15,"81,519",$22.15,$22.20,$22.05
09/30/2020,$22.12,"92,232",$22.40,$22.4381,$22.10
09/29/2020,$22.775,"35,054",$22.86,$22.87,$22.57
09/28/2020,$22.88,"106,626",$22.92,$22.95,$22.72
09/25/2020,$22.76,"19,977",$22.70,$22.85,$22.69
09/24/2020,$22.70,"122,951",$22.58,$22.72,$22.446
09/23/2020,$22.60,"410,595",$22.80,$22.87,$22.43
09/22/2020,$22.867,"105,545",$22.83,$22.89,$22.66
09/21/2020,$22.73,"60,578",$22.90,$22.90,$22.65
09/18/2020,$22.91,"66,361",$22.89,$22.94,$22.83
09/17/2020,$22.8798,"37,584",$22.75,$22.898,$22.75
09/16/2020,$22.79,"37,003",$22.75,$22.83,$22.70
09/15/2020,$22.70,"26,559",$22.70,$22.75,$22.61
09/14/2020,$22.64,"48,547",$22.50,$22.7236,$22.50
09/11/2020,$22.49,"41,253",$22.60,$22.6746,$22.4304
09/10/2020,$22.60,"48,392",$22.661,$22.75,$22.54
09/09/2020,$22.715,"36,051",$22.62,$22.73,$22.58
09/08/2020,$22.58,"54,337",$22.58,$22.75,$22.49
09/04/2020,$22.61,"48,447",$22.64,$22.654,$22.50
09/03/2020,$22.62,"41,289",$22.40,$22.65,$22.40
09/02/2020,$22.71,"18,090",$22.6349,$22.8199,$22.50
09/01/2020,$22.68,"36,703",$22.62,$22.7588,$22.40
08/31/2020,$22.53,"69,733",$22.75,$22.8423,$22.47
08/28/2020,$22.81,"17,739",$22.86,$22.90,$22.76
08/27/2020,$22.89,"16,410",$22.875,$22.905,$22.75
08/26/2020,$22.88,"65,290",$22.80,$23.00,$22.73
08/25/2020,$22.73,"41,376",$22.68,$22.8204,$22.68
08/24/2020,$22.7801,"31,207",$22.88,$22.88,$22.75
08/21/2020,$22.74,"28,693",$22.90,$22.99,$22.695
08/20/2020,$22.89,"26,803",$22.86,$22.98,$22.775
08/19/2020,$22.77,"33,375",$22.64,$22.84,$22.61
08/18/2020,$22.69,"47,474",$22.79,$22.79,$22.6662
08/17/2020,$22.83,"19,416",$22.58,$22.83,$22.48
08/14/2020,$22.65,"24,405",$22.46,$22.67,$22.431
08/13/2020,$22.54,"85,084",$22.57,$22.80,$22.45
08/12/2020,$22.60,"27,587",$22.60,$22.66,$22.544
08/11/2020,$22.59,"56,026",$22.60,$22.78,$22.58
08/10/2020,$22.59,"100,645",$22.35,$22.75,$22.29
08/07/2020,$22.35,"30,662",$22.11,$22.40,$22.11
08/06/2020,$22.35,"26,127",$22.24,$22.35,$22.10
08/05/2020,$22.23,"38,872",$22.205,$22.30,$22.16
08/04/2020,$22.14,"30,907",$22.34,$22.34,$22.03
08/03/2020,$22.18,"25,939",$22.10,$22.24,$22.02
07/31/2020,$22.01,"39,793",$22.12,$22.20,$21.96
07/30/2020,$22.01,"37,287",$22.02,$22.20,$21.92
07/29/2020,$22.08,"35,480",$21.96,$22.16,$21.91
07/28/2020,$21.80,"65,679",$21.90,$22.10,$21.75
07/27/2020,$22.00,"40,161",$21.80,$22.08,$21.71
07/24/2020,$21.81,"22,432",$21.81,$21.95,$21.80
07/23/2020,$21.94,"54,451",$21.95,$22.10,$21.93
07/22/2020,$21.92,"18,682",$22.00,$22.018,$21.78
07/21/2020,$21.99,"88,300",$21.78,$22.07,$21.78
07/20/2020,$21.78,"76,773",$21.46,$21.81,$21.46
07/17/2020,$21.45,"29,012",$21.47,$21.5592,$21.365
07/16/2020,$21.55,"139,163",$21.34,$21.62,$21.29
07/15/2020,$21.40,"370,268",$21.08,$21.40,$21.08
07/14/2020,$21.08,"62,828",$20.95,$21.10,$20.93
07/13/2020,$20.9501,"74,534",$21.27,$21.34,$20.95
07/10/2020,$21.17,"79,685",$21.112,$21.25,$20.92
07/09/2020,$21.05,"31,022",$21.13,$21.246,$20.90
07/08/2020,$21.28,"37,689",$20.94,$21.31,$20.88
07/07/2020,$20.92,"87,943",$20.85,$20.96,$20.80
07/06/2020,$20.94,"256,319",$20.855,$20.9519,$20.75
07/02/2020,$20.54,"101,640",$20.90,$21.01,$20.49
07/01/2020,$20.78,"115,085",$20.60,$20.81,$20.59
06/30/2020,$20.54,"238,769",$20.57,$21.025,$20.50
06/29/2020,$21.06,"54,780",$21.11,$21.11,$20.79
06/26/2020,$21.1099,"43,156",$21.14,$21.14,$20.92
06/25/2020,$21.07,"83,769",$21.30,$21.3329,$21.03
06/24/2020,$21.46,"83,175",$21.50,$21.50,$21.20
06/23/2020,$21.43,"176,813",$21.379,$21.54,$21.35
06/22/2020,$21.41,"30,322",$21.06,$21.41,$20.95
06/19/2020,$21.19,"42,536",$21.28,$21.33,$21.15
06/18/2020,$21.15,"39,485",$21.25,$21.32,$21.0774
06/17/2020,$21.405,"28,342",$21.50,$21.50,$21.3801
06/16/2020,$21.50,"101,062",$21.53,$21.95,$21.47
06/15/2020,$21.33,"86,055",$20.63,$21.53,$20.46
06/12/2020,$21.48,"159,438",$21.59,$21.89,$21.16
06/11/2020,$21.49,"159,084",$21.60,$21.71,$21.3201
06/10/2020,$22.06,"93,039",$22.00,$22.14,$21.65
06/09/2020,$22.00,"129,103",$22.02,$22.08,$21.8359
06/08/2020,$22.02,"202,067",$21.95,$22.09,$21.79
06/05/2020,$21.76,"231,475",$21.70,$21.856,$21.51
06/04/2020,$21.48,"212,414",$21.55,$21.645,$21.42
06/03/2020,$21.52,"88,983",$21.51,$21.67,$21.50
06/02/2020,$21.47,"45,279",$21.50,$21.51,$21.31
06/01/2020,$21.45,"74,403",$21.37,$21.63,$21.37
05/29/2020,$21.38,"28,507",$21.48,$21.50,$21.35
05/28/2020,$21.45,"57,581",$21.50,$21.53,$21.38
05/27/2020,$21.43,"45,984",$21.49,$21.52,$21.25
05/26/2020,$21.365,"43,026",$21.28,$21.56,$21.28
05/22/2020,$21.18,"19,569",$21.20,$21.20,$21.00
05/21/2020,$21.16,"28,824",$21.15,$21.20,$20.926
05/20/2020,$21.19,"35,857",$21.025,$21.24,$20.9821
05/19/2020,$21.02,"76,635",$20.94,$21.18,$20.776
05/18/2020,$20.96,"55,782",$20.65,$20.96,$20.46
05/15/2020,$20.50,"75,337",$20.30,$20.59,$20.05
05/14/2020,$20.46,"90,924",$20.20,$20.51,$19.60
05/13/2020,$20.25,"153,861",$20.80,$20.85,$20.0402
05/12/2020,$20.80,"168,165",$21.10,$21.53,$20.77
05/11/2020,$21.27,"58,115",$21.55,$21.55,$21.13
05/08/2020,$21.56,"46,065",$21.60,$21.80,$21.52
05/07/2020,$21.43,"64,465",$21.58,$21.79,$21.40
05/06/2020,$21.47,"28,774",$21.40,$21.58,$21.40
05/05/2020,$21.44,"62,968",$21.36,$21.66,$21.31
05/04/2020,$21.26,"58,503",$21.40,$21.63,$21.26
05/01/2020,$21.45,"44,005",$21.06,$21.49,$21.06
04/30/2020,$21.76,"110,436",$21.03,$21.98,$21.03
04/29/2020,$21.51,"261,052",$21.29,$21.59,$20.97
04/28/2020,$21.25,"66,218",$20.73,$21.33,$20.73
04/27/2020,$20.70,"167,332",$20.60,$20.96,$20.54
04/24/2020,$20.52,"156,457",$20.90,$20.93,$20.46
04/23/2020,$20.92,"122,529",$20.95,$21.19,$20.80
04/22/2020,$20.96,"48,035",$21.74,$21.74,$20.91
04/21/2020,$21.38,"130,587",$21.00,$21.50,$20.56
04/20/2020,$21.20,"120,284",$21.26,$21.785,$21.11
04/17/2020,$21.55,"226,709",$21.37,$21.61,$20.65
04/16/2020,$20.49,"63,758",$20.42,$20.49,$19.75
04/15/2020,$19.99,"139,301",$20.22,$20.59,$19.81
04/14/2020,$21.05,"154,285",$21.10,$21.37,$20.735
04/13/2020,$21.01,"322,188",$21.79,$21.79,$20.2598
04/09/2020,$21.50,"643,696",$21.75,$21.82,$21.10
04/08/2020,$21.19,"312,529",$20.60,$21.25,$20.60
04/07/2020,$20.40,"204,361",$20.95,$21.1641,$20.0548
04/06/2020,$20.52,"492,195",$18.71,$20.62,$18.71
04/03/2020,$17.99,"375,686",$18.55,$18.55,$17.03
04/02/2020,$18.05,"502,933",$16.94,$18.08,$16.64
04/01/2020,$16.89,"804,148",$17.06,$17.60,$16.76
03/31/2020,$17.75,"273,462",$18.40,$18.40,$17.75
03/30/2020,$18.79,"568,140",$20.89,$20.89,$18.51
03/27/2020,$20.25,"678,813",$18.70,$20.44,$18.27
03/26/2020,$19.06,"563,895",$17.01,$20.39,$17.01
03/25/2020,$16.12,"419,341",$15.15,$18.87,$15.15
03/24/2020,$15.54,"668,384",$14.50,$16.83,$14.50
03/23/2020,$14.31,"515,949",$14.35,$14.65,$12.77
03/20/2020,$14.12,"813,246",$15.00,$15.98,$14.04
03/19/2020,$15.01,"1,155,259",$10.07,$16.125,$10.06
03/18/2020,$9.87,"865,445",$14.90,$14.97,$8.80
03/17/2020,$15.35,"491,838",$16.80,$17.30,$15.23
03/16/2020,$16.61,"796,098",$17.50,$17.5907,$16.50
03/13/2020,$17.75,"330,543",$18.50,$18.864,$17.53
03/12/2020,$17.49,"487,899",$19.32,$21.01,$16.8504
03/11/2020,$22.27,"228,434",$23.35,$23.39,$22.00
03/10/2020,$23.50,"110,466",$24.00,$24.09,$23.3529
03/09/2020,$23.85,"209,977",$24.00,$24.0869,$23.02
03/06/2020,$24.39,"168,757",$24.35,$24.49,$24.07
03/05/2020,$24.60,"211,965",$24.43,$24.62,$24.43
03/04/2020,$24.72,"67,681",$24.67,$24.74,$24.25
03/03/2020,$24.26,"243,726",$24.21,$24.64,$24.15
03/02/2020,$24.15,"510,813",$24.12,$24.34,$23.795
02/28/2020,$24.24,"3,321,287",$24.38,$24.38,$23.81
02/27/2020,$24.49,"549,874",$24.71,$24.71,$24.00
02/26/2020,$24.75,"315,180",$24.74,$24.82,$24.74
02/25/2020,$24.74,"466,733",$24.90,$24.90,$24.70
02/24/2020,$24.78,"868,594",$24.82,$24.85,$24.70
02/21/2020,$24.98,"435,821",$25.01,$25.05,$24.98
02/20/2020,$25.01,"292,055",$24.95,$25.01,$24.93
02/19/2020,$24.93,"372,926",$24.96,$24.99,$24.93
02/18/2020,$24.93,"334,857",$24.96,$24.97,$24.93
02/14/2020,$24.8999,"684,947",$24.90,$24.94,$24.88
02/13/2020,$24.89,"1,016,533",$24.96,$24.98,$24.89
02/12/2020,$24.89,"910,313",$24.93,$24.99,$24.85
02/11/2020,$24.95,"899,566",$24.95,$24.98,$24.90
02/10/2020,$24.92,"918,834",$24.96,$25.00,$24.91
02/07/2020,$24.94,"900,114",$25.02,$25.04,$24.90
02/06/2020,$25.00,"1,749,761",$25.03,$25.04,$24.98
02/05/2020,$24.98,"7,403,378",$25.00,$25.51,$24.97
